# Experimental LIBS spectrum: Na I D doublet (D2 588.995 nm, D1 589.592 nm)
# Source: P. B. Hansen, PhD thesis "Laser-Induced Breakdown Spectroscopy
#   Under Martian Conditions" (docs/Literature/hansen_peder-LIBS_martian_conditions.pdf),
#   Figure 4.4.5 (thesis p. 78 / PDF p. 92), bottom-left panel.
# Sample: pressed pellet of mixed carbonates CaCO3+MgCO3+MnCO3+Na2CO3
#   (Na 12.68 at%), in experimentally simulated Martian atmosphere
#   (0.7 kPa, mainly CO2; thesis p. 20).
# Acquisition: delay time 500 ns, integration (gate) time 50 ns, 35 mJ
#   on sample, 10 Hz, 30 accumulated shots; LTB Aryelle Butterfly
#   echelle + Andor iStar ICCD; entrance slit 50x50 um2; intensity-
#   calibrated (signal prop. photons/nm); FWHM_instr = 0.065 nm at
#   656.3 nm (thesis Sec. 4.4.2).
# Plasma parameters measured in the same work at 500 ns delay:
#   n_e = 7e22 m^-3 (H-alpha Stark broadening, thesis Fig. 4.4.4)
#   T = (12822 +/- 292) K (multi-element Saha-Boltzmann, Fig. 4.4.6a)
#   plasma extent ~4 mm total (thesis Sec. 4.4.3).
# Extraction: see examples/digitize_hansen_naD.py (method in its
#   docstring). 569 of 1474 columns had the dashed
#   Voigt-fit overlay contributing to the stroke span (flag column).
#   1474 points, 586.772-592.921 nm, ~4.2 pm/point.
# columns: wavelength_nm,intensity,fit_overlay_contributed
586.77189,-1.109,0
586.77606,-0.554,0
586.78024,0.000,0
586.78441,0.555,0
586.78859,1.664,0
586.79276,2.219,0
586.79694,2.774,0
586.80111,3.883,0
586.80528,3.883,0
586.80946,4.437,0
586.81363,4.437,0
586.81781,4.992,0
586.82198,3.883,0
586.82616,3.883,0
586.83033,3.328,0
586.83451,2.774,0
586.83868,2.774,0
586.84286,2.219,0
586.84703,2.219,0
586.85121,2.219,0
586.85538,1.110,0
586.85955,1.110,0
586.86373,1.664,0
586.86790,1.664,0
586.87208,2.774,0
586.87625,2.774,0
586.88043,3.328,0
586.88460,3.883,0
586.88878,3.883,0
586.89295,3.883,0
586.89713,3.328,0
586.90130,3.328,0
586.90548,3.328,0
586.90965,2.774,0
586.91382,2.219,0
586.91800,2.219,0
586.92217,2.219,0
586.92635,2.219,0
586.93052,2.219,0
586.93470,2.219,0
586.93887,2.219,0
586.94305,2.219,0
586.94722,2.219,0
586.95140,2.219,0
586.95557,2.219,0
586.95975,2.219,0
586.96392,1.664,0
586.96809,1.110,0
586.97227,1.110,0
586.97644,1.110,0
586.98062,1.110,0
586.98479,1.110,0
586.98897,1.110,0
586.99314,1.110,0
586.99732,1.110,0
587.00149,1.110,0
587.00567,1.110,0
587.00984,0.555,0
587.01402,0.000,0
587.01819,0.000,0
587.02236,-0.554,0
587.02654,-1.109,0
587.03071,-1.109,0
587.03489,-1.109,0
587.03906,-1.109,0
587.04324,0.000,0
587.04741,0.000,0
587.05159,0.000,0
587.05576,0.000,0
587.05994,0.555,0
587.06411,1.110,0
587.06829,1.110,0
587.07246,1.110,0
587.07663,1.664,0
587.08081,2.219,0
587.08498,2.219,0
587.08916,2.774,0
587.09333,2.774,0
587.09751,2.774,0
587.10168,2.219,0
587.10586,1.664,0
587.11003,0.555,0
587.11421,0.555,0
587.11838,0.000,0
587.12256,-0.554,0
587.12673,-0.554,0
587.13090,0.000,0
587.13508,0.000,0
587.13925,1.110,0
587.14343,1.664,0
587.14760,1.664,0
587.15178,2.219,0
587.15595,2.219,0
587.16013,2.219,0
587.16430,3.328,0
587.16848,3.328,0
587.17265,3.328,0
587.17683,2.219,0
587.18100,2.219,0
587.18517,2.219,0
587.18935,2.219,0
587.19352,2.219,0
587.19770,2.219,0
587.20187,2.219,0
587.20605,2.219,0
587.21022,2.219,0
587.21440,2.219,0
587.21857,2.219,0
587.22275,2.219,0
587.22692,2.219,0
587.23110,1.110,0
587.23527,1.664,0
587.23944,1.664,0
587.24362,2.219,0
587.24779,3.328,0
587.25197,3.328,0
587.25614,4.437,0
587.26032,4.437,0
587.26449,4.992,0
587.26867,5.547,0
587.27284,5.547,0
587.27702,5.547,0
587.28119,5.547,0
587.28537,5.547,0
587.28954,4.992,0
587.29371,4.992,0
587.29789,4.437,0
587.30206,3.883,0
587.30624,3.883,0
587.31041,2.774,0
587.31459,2.774,0
587.31876,2.219,0
587.32294,1.110,0
587.32711,1.110,0
587.33129,0.555,0
587.33546,0.000,0
587.33964,0.000,0
587.34381,0.000,0
587.34798,0.000,0
587.35216,0.000,0
587.35633,0.000,0
587.36051,0.000,0
587.36468,0.000,0
587.36886,0.000,0
587.37303,0.000,0
587.37721,0.000,0
587.38138,0.555,0
587.38556,1.110,0
587.38973,1.110,0
587.39391,1.664,0
587.39808,2.219,0
587.40226,2.219,0
587.40643,2.219,0
587.41060,2.219,0
587.41478,2.219,0
587.41895,1.664,0
587.42313,1.110,0
587.42730,1.110,0
587.43148,1.110,0
587.43565,1.110,0
587.43983,1.110,0
587.44400,1.110,0
587.44818,1.110,0
587.45235,1.110,0
587.45653,1.110,0
587.46070,1.110,0
587.46487,1.110,0
587.46905,1.110,0
587.47322,1.110,0
587.47740,0.555,0
587.48157,0.555,0
587.48575,-0.554,0
587.48992,-0.554,0
587.49410,-1.109,0
587.49827,-1.109,0
587.50245,-0.554,0
587.50662,0.000,0
587.51080,0.555,0
587.51497,1.110,0
587.51914,1.664,0
587.52332,1.664,0
587.52749,2.219,0
587.53167,2.219,0
587.53584,2.219,0
587.54002,2.219,0
587.54419,2.219,0
587.54837,1.664,0
587.55254,1.110,0
587.55672,1.110,0
587.56089,1.110,0
587.56507,1.110,0
587.56924,1.110,0
587.57341,1.110,0
587.57759,1.110,0
587.58176,1.110,0
587.58594,1.110,0
587.59011,1.664,0
587.59429,2.219,0
587.59846,2.219,0
587.60264,2.219,0
587.60681,2.774,0
587.61099,2.774,0
587.61516,3.328,0
587.61934,3.328,0
587.62351,3.328,0
587.62768,3.328,0
587.63186,2.219,0
587.63603,2.219,0
587.64021,2.219,0
587.64438,2.219,0
587.64856,2.219,0
587.65273,2.219,0
587.65691,1.664,0
587.66108,1.110,0
587.66526,1.110,0
587.66943,1.110,0
587.67361,1.110,0
587.67778,1.110,0
587.68195,2.219,0
587.68613,2.219,0
587.69030,2.219,0
587.69448,1.110,0
587.69865,1.110,0
587.70283,1.110,0
587.70700,1.110,0
587.71118,1.664,0
587.71535,1.664,0
587.71953,2.219,0
587.72370,2.774,0
587.72788,2.774,0
587.73205,3.328,0
587.73622,3.328,0
587.74040,3.328,0
587.74457,3.328,0
587.74875,2.774,0
587.75292,2.219,0
587.75710,1.110,1
587.76127,1.664,1
587.76545,1.664,1
587.76962,1.664,1
587.77380,1.110,1
587.77797,1.110,1
587.78215,1.110,1
587.78632,1.110,1
587.79049,1.110,1
587.79467,1.664,1
587.79884,1.664,1
587.80302,1.664,1
587.80719,1.664,1
587.81137,1.664,1
587.81554,1.664,1
587.81972,2.219,1
587.82389,2.219,1
587.82807,2.219,1
587.83224,2.219,1
587.83642,2.219,1
587.84059,2.774,1
587.84476,2.774,1
587.84894,2.774,1
587.85311,2.774,1
587.85729,3.328,1
587.86146,3.328,1
587.86564,3.328,1
587.86981,3.883,1
587.87399,3.883,1
587.87816,3.883,1
587.88234,3.328,1
587.88651,3.328,1
587.89069,2.774,1
587.89486,2.774,1
587.89903,2.219,1
587.90321,2.219,1
587.90738,2.219,1
587.91156,2.219,1
587.91573,1.664,1
587.91991,2.219,0
587.92408,2.219,0
587.92826,2.219,0
587.93243,2.219,0
587.93661,1.110,0
587.94078,1.110,0
587.94496,1.110,0
587.94913,1.110,0
587.95330,1.110,0
587.95748,1.110,0
587.96165,2.219,0
587.96583,2.219,0
587.97000,2.219,0
587.97418,2.774,0
587.97835,3.328,0
587.98253,3.883,0
587.98670,3.883,0
587.99088,3.328,1
587.99505,3.328,1
587.99923,3.328,1
588.00340,2.774,1
588.00757,1.664,1
588.01175,1.664,1
588.01592,1.664,1
588.02010,1.664,1
588.02427,1.664,1
588.02845,1.664,1
588.03262,1.664,1
588.03680,1.664,1
588.04097,1.664,1
588.04515,1.664,1
588.04932,1.664,1
588.05350,1.664,1
588.05767,1.664,1
588.06184,1.664,1
588.06602,1.664,1
588.07019,2.774,1
588.07437,2.774,1
588.07854,3.328,1
588.08272,3.328,1
588.08689,3.328,1
588.09107,3.328,1
588.09524,2.774,1
588.09942,2.774,1
588.10359,2.774,1
588.10777,2.774,1
588.11194,2.774,1
588.11611,2.774,1
588.12029,2.774,1
588.12446,2.774,1
588.12864,3.883,1
588.13281,3.883,1
588.13699,3.883,1
588.14116,3.883,1
588.14534,3.883,1
588.14951,4.437,0
588.15369,3.883,0
588.15786,3.883,0
588.16204,3.883,0
588.16621,2.774,0
588.17038,2.774,0
588.17456,1.664,0
588.17873,1.664,0
588.18291,1.664,0
588.18708,2.219,0
588.19126,3.328,0
588.19543,3.883,0
588.19961,3.883,0
588.20378,4.437,0
588.20796,4.437,0
588.21213,4.437,0
588.21631,3.883,0
588.22048,3.883,1
588.22465,3.328,1
588.22883,2.774,1
588.23300,2.774,1
588.23718,2.774,1
588.24135,2.774,1
588.24553,2.774,1
588.24970,2.219,1
588.25388,2.219,1
588.25805,2.219,1
588.26223,2.219,1
588.26640,2.219,1
588.27058,2.219,1
588.27475,2.774,1
588.27892,2.774,1
588.28310,2.774,1
588.28727,2.774,1
588.29145,3.328,1
588.29562,3.328,1
588.29980,3.328,1
588.30397,3.328,1
588.30815,3.883,1
588.31232,4.437,1
588.31650,4.437,1
588.32067,4.437,1
588.32485,4.437,1
588.32902,4.437,1
588.33319,4.437,1
588.33737,4.437,1
588.34154,4.437,1
588.34572,4.437,1
588.34989,3.883,1
588.35407,3.883,1
588.35824,3.883,1
588.36242,3.883,1
588.36659,3.883,1
588.37077,3.883,1
588.37494,3.883,1
588.37912,3.328,1
588.38329,3.328,0
588.38746,3.328,0
588.39164,3.883,0
588.39581,4.437,0
588.39999,4.437,0
588.40416,4.437,0
588.40834,4.992,0
588.41251,5.547,0
588.41669,5.547,0
588.42086,5.547,0
588.42504,6.101,0
588.42921,6.656,0
588.43339,6.656,0
588.43756,6.656,0
588.44173,6.656,0
588.44591,6.656,0
588.45008,6.656,1
588.45426,6.101,1
588.45843,6.101,1
588.46261,6.656,1
588.46678,7.211,1
588.47096,7.211,1
588.47513,7.211,1
588.47931,7.765,1
588.48348,7.765,1
588.48766,7.765,1
588.49183,7.765,1
588.49600,7.211,1
588.50018,7.211,1
588.50435,7.211,1
588.50853,7.211,1
588.51270,7.765,1
588.51688,7.765,1
588.52105,7.211,1
588.52523,7.211,1
588.52940,7.211,1
588.53358,7.211,1
588.53775,7.211,1
588.54193,7.765,1
588.54610,8.320,1
588.55027,8.874,1
588.55445,8.874,1
588.55862,7.765,1
588.56280,7.765,1
588.56697,7.211,1
588.57115,7.211,1
588.57532,7.211,1
588.57950,7.211,1
588.58367,7.211,1
588.58785,7.765,1
588.59202,7.765,1
588.59620,8.874,1
588.60037,9.984,1
588.60454,11.093,1
588.60872,12.202,1
588.61289,13.312,0
588.61707,13.866,0
588.62124,14.975,0
588.62542,15.530,0
588.62959,16.085,0
588.63377,16.085,0
588.63794,15.530,0
588.64212,15.530,0
588.64629,15.530,0
588.65047,16.085,0
588.65464,16.639,0
588.65881,17.194,0
588.66299,17.749,0
588.66716,18.303,0
588.67134,18.303,1
588.67551,18.303,1
588.67969,18.303,1
588.68386,17.194,1
588.68804,16.639,1
588.69221,16.639,1
588.69639,17.194,1
588.70056,17.194,1
588.70474,17.749,1
588.70891,18.858,1
588.71308,19.412,1
588.71726,19.967,1
588.72143,21.076,1
588.72561,21.631,1
588.72978,22.186,1
588.73396,23.295,1
588.73813,23.849,1
588.74231,24.404,1
588.74648,25.513,1
588.75066,26.068,1
588.75483,27.177,1
588.75901,27.732,1
588.76318,28.841,1
588.76735,29.950,1
588.77153,31.060,1
588.77570,32.724,1
588.77988,33.833,1
588.78405,34.387,1
588.78823,36.051,1
588.79240,37.715,1
588.79658,39.379,1
588.80075,42.152,1
588.80493,43.816,1
588.80910,46.035,1
588.81328,49.362,1
588.81745,51.026,1
588.82162,53.800,1
588.82580,57.127,1
588.82997,59.346,1
588.83415,62.674,1
588.83832,67.111,1
588.84250,72.657,1
588.84667,77.649,1
588.85085,83.750,1
588.85502,90.405,1
588.85920,97.061,1
588.86337,104.826,1
588.86755,112.590,1
588.87172,120.910,1
588.87589,128.120,1
588.88007,136.440,1
588.88424,146.977,1
588.88842,158.625,1
588.89259,178.591,1
588.89677,192.457,1
588.90094,204.659,1
588.90512,222.407,1
588.90929,240.710,1
588.91347,263.450,1
588.91764,291.181,1
588.92182,313.367,1
588.92599,332.224,1
588.93016,363.283,1
588.93434,550.194,1
588.93851,582.363,1
588.94269,623.405,1
588.94686,644.481,1
588.95104,683.305,1
588.95521,704.381,1
588.95939,705.491,1
588.96356,727.676,1
588.96774,731.004,1
588.97191,732.113,1
588.97609,733.222,1
588.98026,733.222,1
588.98443,733.222,1
588.98861,733.222,1
588.99278,733.222,1
588.99696,733.222,1
589.00113,732.113,1
589.00531,731.004,1
589.00948,727.676,1
589.01366,719.911,1
589.01783,704.381,1
589.02201,694.398,1
589.02618,662.229,1
589.03036,613.422,1
589.03453,585.690,1
589.03870,549.085,1
589.04288,511.370,1
589.04705,473.655,1
589.05123,430.394,1
589.05540,405.990,1
589.05958,362.729,1
589.06375,239.046,1
589.06793,215.197,1
589.07210,197.449,1
589.07628,179.701,1
589.08045,167.499,1
589.08463,154.188,1
589.08880,138.103,1
589.09297,128.675,1
589.09715,119.801,1
589.10132,77.649,1
589.10550,74.321,1
589.10967,70.993,1
589.11385,67.665,1
589.11802,66.556,1
589.12220,62.119,1
589.12637,61.010,1
589.13055,57.682,1
589.13472,55.463,1
589.13890,53.245,1
589.14307,51.026,1
589.14724,49.917,1
589.15142,47.699,1
589.15559,45.480,1
589.15977,43.262,1
589.16394,41.043,1
589.16812,39.934,1
589.17229,37.715,1
589.17647,36.606,1
589.18064,36.606,1
589.18482,35.497,1
589.18899,35.497,1
589.19317,34.387,1
589.19734,33.278,1
589.20151,33.278,1
589.20569,33.278,1
589.20986,33.278,1
589.21404,32.169,1
589.21821,32.169,1
589.22239,31.060,1
589.22656,29.950,1
589.23074,28.841,0
589.23491,27.732,0
589.23909,26.623,0
589.24326,25.513,0
589.24744,24.404,0
589.25161,24.404,0
589.25578,24.404,0
589.25996,23.295,0
589.26413,23.295,0
589.26831,23.295,0
589.27248,23.295,0
589.27666,23.295,1
589.28083,23.295,1
589.28501,23.295,1
589.28918,22.186,1
589.29336,22.186,1
589.29753,22.186,1
589.30171,22.186,1
589.30588,22.186,1
589.31005,22.186,1
589.31423,22.186,1
589.31840,22.186,1
589.32258,22.186,1
589.32675,22.186,1
589.33093,22.186,1
589.33510,22.186,1
589.33928,22.186,1
589.34345,22.186,1
589.34763,22.186,1
589.35180,22.186,1
589.35598,22.186,1
589.36015,22.186,1
589.36432,23.295,1
589.36850,23.295,1
589.37267,23.295,1
589.37685,23.295,1
589.38102,23.295,1
589.38520,23.295,1
589.38937,24.404,1
589.39355,24.404,1
589.39772,25.513,1
589.40190,26.623,1
589.40607,26.623,1
589.41025,27.732,1
589.41442,27.732,1
589.41859,28.841,1
589.42277,28.841,1
589.42694,29.950,1
589.43112,29.950,1
589.43529,31.060,1
589.43947,32.169,1
589.44364,33.278,1
589.44782,35.497,1
589.45199,37.715,1
589.45617,49.362,1
589.46034,52.690,1
589.46452,56.573,1
589.46869,60.455,1
589.47286,64.338,1
589.47704,70.438,1
589.48121,77.094,1
589.48539,83.750,1
589.48956,90.960,1
589.49374,98.725,1
589.49791,108.153,1
589.50209,123.683,1
589.50626,137.549,1
589.51044,148.641,1
589.51461,164.171,1
589.51879,184.138,1
589.52296,204.659,1
589.52714,223.517,1
589.53131,368.275,1
589.53548,394.897,1
589.53966,432.612,1
589.54383,455.907,1
589.54801,479.201,1
589.55218,502.496,1
589.55636,513.588,1
589.56053,535.774,1
589.56471,543.538,1
589.56888,546.866,1
589.57306,547.975,1
589.57723,549.085,1
589.58141,549.085,1
589.58558,549.085,1
589.58975,549.085,1
589.59393,549.085,1
589.59810,549.085,1
589.60228,547.975,1
589.60645,546.866,1
589.61063,544.648,1
589.61480,539.101,1
589.61898,528.009,1
589.62315,496.949,1
589.62733,490.294,1
589.63150,476.983,1
589.63568,438.159,1
589.63985,412.646,1
589.64402,373.821,1
589.64820,341.653,1
589.65237,310.594,1
589.65655,278.425,1
589.66072,170.827,1
589.66490,158.070,1
589.66907,139.213,1
589.67325,126.456,1
589.67742,111.481,1
589.68160,101.498,1
589.68577,93.178,1
589.68995,85.413,1
589.69412,77.649,1
589.69829,69.884,1
589.70247,62.119,1
589.70664,58.237,1
589.71082,54.909,1
589.71499,51.026,1
589.71917,47.144,1
589.72334,44.371,1
589.72752,41.598,1
589.73169,38.825,1
589.73587,37.161,1
589.74004,35.497,1
589.74422,34.387,1
589.74839,32.724,1
589.75256,31.060,1
589.75674,28.841,0
589.76091,27.177,0
589.76509,24.959,0
589.76926,23.295,0
589.77344,21.631,1
589.77761,21.631,1
589.78179,20.522,1
589.78596,19.967,1
589.79014,18.858,1
589.79431,18.303,1
589.79849,17.194,1
589.80266,16.639,1
589.80683,16.085,1
589.81101,16.085,1
589.81518,14.975,1
589.81936,15.530,1
589.82353,14.975,1
589.82771,15.530,1
589.83188,15.530,1
589.83606,15.530,1
589.84023,15.530,1
589.84441,15.530,1
589.84858,15.530,1
589.85276,14.421,1
589.85693,13.866,1
589.86110,12.757,1
589.86528,12.202,1
589.86945,10.538,1
589.87363,9.429,1
589.87780,8.874,1
589.88198,8.320,1
589.88615,8.320,1
589.89033,8.320,1
589.89450,7.765,1
589.89868,7.765,1
589.90285,8.320,1
589.90703,8.874,1
589.91120,8.320,1
589.91537,8.874,1
589.91955,9.429,1
589.92372,9.984,1
589.92790,9.984,1
589.93207,10.538,1
589.93625,12.757,1
589.94042,12.202,0
589.94460,12.202,0
589.94877,11.093,0
589.95295,11.093,0
589.95712,9.984,0
589.96130,9.429,0
589.96547,9.429,0
589.96964,8.874,0
589.97382,8.874,0
589.97799,8.874,0
589.98217,8.320,0
589.98634,7.765,0
589.99052,7.211,0
589.99469,6.656,0
589.99887,5.547,0
590.00304,5.547,0
590.00722,4.992,1
590.01139,5.547,1
590.01557,5.547,1
590.01974,6.101,1
590.02391,6.656,1
590.02809,7.211,1
590.03226,7.211,1
590.03644,7.211,1
590.04061,6.656,1
590.04479,6.101,1
590.04896,5.547,1
590.05314,5.547,1
590.05731,4.992,1
590.06149,4.992,1
590.06566,4.437,1
590.06984,3.883,1
590.07401,3.883,1
590.07818,3.883,1
590.08236,3.883,1
590.08653,3.883,1
590.09071,4.992,1
590.09488,4.992,1
590.09906,4.992,1
590.10323,4.992,1
590.10741,4.992,1
590.11158,4.992,1
590.11576,4.992,1
590.11993,4.437,1
590.12411,4.437,1
590.12828,4.437,1
590.13245,4.437,1
590.13663,3.883,1
590.14080,3.883,1
590.14498,3.883,1
590.14915,3.883,1
590.15333,3.883,1
590.15750,3.883,1
590.16168,3.883,1
590.16585,3.883,1
590.17003,4.437,0
590.17420,4.437,0
590.17838,4.437,0
590.18255,4.437,0
590.18672,4.437,0
590.19090,4.437,0
590.19507,4.437,0
590.19925,4.437,0
590.20342,4.437,0
590.20760,4.437,0
590.21177,3.328,0
590.21595,3.328,0
590.22012,3.328,0
590.22430,3.328,0
590.22847,2.774,0
590.23265,2.219,0
590.23682,2.219,1
590.24099,2.219,1
590.24517,2.219,1
590.24934,3.328,1
590.25352,3.328,1
590.25769,3.328,1
590.26187,2.774,1
590.26604,3.328,1
590.27022,3.328,1
590.27439,3.328,1
590.27857,3.328,1
590.28274,3.328,1
590.28692,3.328,1
590.29109,2.774,1
590.29526,2.774,1
590.29944,2.774,1
590.30361,2.774,1
590.30779,2.774,1
590.31196,2.774,1
590.31614,2.219,1
590.32031,1.664,1
590.32449,1.664,1
590.32866,1.110,1
590.33284,1.110,1
590.33701,1.110,1
590.34119,1.110,1
590.34536,1.110,1
590.34953,1.664,1
590.35371,2.219,1
590.35788,2.219,1
590.36206,2.774,1
590.36623,2.774,1
590.37041,2.774,1
590.37458,3.328,1
590.37876,3.328,1
590.38293,3.328,1
590.38711,3.328,1
590.39128,3.328,1
590.39546,2.219,1
590.39963,2.774,0
590.40380,2.219,0
590.40798,2.219,0
590.41215,2.219,0
590.41633,2.219,0
590.42050,2.219,0
590.42468,1.664,0
590.42885,1.664,0
590.43303,1.110,0
590.43720,0.000,0
590.44138,-0.554,0
590.44555,-1.109,0
590.44973,-1.664,0
590.45390,-2.218,0
590.45807,-1.109,0
590.46225,-0.554,0
590.46642,0.555,0
590.47060,0.555,1
590.47477,1.664,1
590.47895,2.219,1
590.48312,2.774,1
590.48730,2.219,1
590.49147,2.219,1
590.49565,2.219,1
590.49982,2.219,1
590.50400,2.219,1
590.50817,1.664,1
590.51234,1.664,1
590.51652,1.664,1
590.52069,1.664,1
590.52487,1.664,1
590.52904,1.664,1
590.53322,1.110,1
590.53739,1.110,1
590.54157,1.110,1
590.54574,1.110,1
590.54992,1.110,1
590.55409,1.110,1
590.55827,1.110,1
590.56244,2.219,1
590.56661,2.219,1
590.57079,2.774,1
590.57496,2.774,1
590.57914,2.774,1
590.58331,2.774,1
590.58749,2.774,1
590.59166,2.774,1
590.59584,2.219,1
590.60001,2.219,1
590.60419,1.110,1
590.60836,1.110,1
590.61254,1.110,1
590.61671,0.555,1
590.62088,0.555,1
590.62506,0.555,1
590.62923,-1.109,0
590.63341,-1.109,0
590.63758,-1.109,0
590.64176,-1.109,0
590.64593,-0.554,0
590.65011,0.000,0
590.65428,0.000,0
590.65846,0.555,0
590.66263,0.555,0
590.66681,1.110,0
590.67098,2.219,0
590.67515,2.219,0
590.67933,3.328,0
590.68350,3.328,0
590.68768,3.883,0
590.69185,3.328,0
590.69603,2.774,0
590.70020,2.219,1
590.70438,1.110,1
590.70855,1.110,1
590.71273,1.110,1
590.71690,1.110,1
590.72108,1.110,1
590.72525,1.664,1
590.72942,2.219,1
590.73360,2.774,1
590.73777,3.328,0
590.74195,3.328,0
590.74612,3.328,0
590.75030,3.883,0
590.75447,4.437,0
590.75865,4.437,0
590.76282,4.437,0
590.76700,4.437,0
590.77117,4.437,0
590.77535,4.437,0
590.77952,3.883,0
590.78369,3.328,0
590.78787,2.774,0
590.79204,2.219,0
590.79622,1.664,0
590.80039,1.110,0
590.80457,0.555,0
590.80874,0.000,0
590.81292,0.000,0
590.81709,0.000,0
590.82127,0.000,0
590.82544,0.000,0
590.82962,0.000,0
590.83379,0.555,0
590.83796,0.555,0
590.84214,1.110,0
590.84631,1.664,0
590.85049,1.664,0
590.85466,2.219,0
590.85884,2.774,0
590.86301,3.328,0
590.86719,3.328,0
590.87136,3.328,0
590.87554,3.328,0
590.87971,3.328,0
590.88389,3.328,0
590.88806,3.328,0
590.89223,3.328,0
590.89641,2.774,0
590.90058,2.774,0
590.90476,2.219,0
590.90893,1.664,0
590.91311,1.664,0
590.91728,0.555,0
590.92146,0.555,0
590.92563,0.555,0
590.92981,1.110,0
590.93398,1.110,0
590.93816,1.664,0
590.94233,2.219,0
590.94650,2.219,0
590.95068,2.219,0
590.95485,2.219,0
590.95903,2.219,0
590.96320,2.219,0
590.96738,2.219,0
590.97155,2.219,0
590.97573,2.219,0
590.97990,1.110,0
590.98408,1.110,0
590.98825,1.110,0
590.99243,1.110,0
590.99660,1.110,0
591.00077,1.110,0
591.00495,1.110,0
591.00912,1.110,0
591.01330,1.110,0
591.01747,1.110,0
591.02165,0.555,0
591.02582,0.555,0
591.03000,0.000,0
591.03417,0.000,0
591.03835,0.000,0
591.04252,0.000,0
591.04670,0.000,0
591.05087,0.000,0
591.05504,0.000,0
591.05922,0.000,0
591.06339,0.555,0
591.06757,0.555,0
591.07174,1.110,0
591.07592,1.664,0
591.08009,1.664,0
591.08427,2.219,0
591.08844,2.219,0
591.09262,2.219,0
591.09679,2.219,0
591.10097,2.219,0
591.10514,2.219,0
591.10931,2.219,0
591.11349,2.219,0
591.11766,2.219,0
591.12184,2.219,0
591.12601,2.219,0
591.13019,2.219,0
591.13436,1.110,0
591.13854,1.110,0
591.14271,1.110,0
591.14689,1.110,0
591.15106,0.555,0
591.15524,0.000,0
591.15941,0.000,0
591.16358,-0.554,0
591.16776,-1.664,0
591.17193,-2.773,0
591.17611,-3.327,0
591.18028,-3.327,0
591.18446,-3.882,0
591.18863,-3.882,0
591.19281,-3.327,0
591.19698,-2.773,0
591.20116,-2.773,0
591.20533,-1.664,0
591.20951,-1.664,0
591.21368,-1.109,0
591.21785,-0.554,0
591.22203,-0.554,0
591.22620,0.555,0
591.23038,0.555,0
591.23455,1.110,0
591.23873,1.110,0
591.24290,1.664,0
591.24708,2.219,0
591.25125,1.664,0
591.25543,1.664,0
591.25960,0.555,0
591.26378,0.555,0
591.26795,0.000,0
591.27212,-1.109,0
591.27630,-1.664,0
591.28047,-2.773,0
591.28465,-3.327,0
591.28882,-3.882,0
591.29300,-4.437,0
591.29717,-4.991,0
591.30135,-4.991,0
591.30552,-4.991,0
591.30970,-4.991,0
591.31387,-3.882,0
591.31805,-3.327,0
591.32222,-2.773,0
591.32639,-2.218,0
591.33057,-1.109,0
591.33474,-1.109,0
591.33892,-0.554,0
591.34309,0.555,0
591.34727,0.555,0
591.35144,0.000,0
591.35562,0.000,0
591.35979,0.000,0
591.36397,0.000,0
591.36814,0.000,0
591.37232,0.000,0
591.37649,0.555,0
591.38066,1.110,0
591.38484,1.110,0
591.38901,1.110,0
591.39319,1.110,0
591.39736,1.110,0
591.40154,1.110,0
591.40571,1.664,0
591.40989,2.219,0
591.41406,2.219,0
591.41824,2.219,0
591.42241,2.219,0
591.42659,1.110,0
591.43076,1.110,0
591.43493,1.664,0
591.43911,1.664,0
591.44328,1.664,0
591.44746,2.774,0
591.45163,2.774,0
591.45581,3.328,0
591.45998,3.328,0
591.46416,2.774,0
591.46833,1.664,0
591.47251,1.110,0
591.47668,0.555,0
591.48086,-0.554,0
591.48503,-0.554,0
591.48920,0.000,0
591.49338,0.555,0
591.49755,1.664,0
591.50173,1.664,0
591.50590,2.219,0
591.51008,3.328,0
591.51425,3.883,0
591.51843,4.437,0
591.52260,4.437,0
591.52678,4.437,0
591.53095,4.437,0
591.53513,4.992,0
591.53930,5.547,0
591.54347,5.547,0
591.54765,4.992,0
591.55182,4.437,0
591.55600,3.883,0
591.56017,3.328,0
591.56435,2.774,0
591.56852,1.664,0
591.57270,1.110,0
591.57687,0.555,0
591.58105,-0.554,0
591.58522,-0.554,0
591.58940,0.555,0
591.59357,0.555,0
591.59774,1.110,0
591.60192,1.664,0
591.60609,1.664,0
591.61027,2.219,0
591.61444,2.219,0
591.61862,2.219,0
591.62279,2.219,0
591.62697,2.219,0
591.63114,2.774,0
591.63532,3.328,0
591.63949,3.328,0
591.64367,3.328,0
591.64784,3.328,0
591.65202,2.774,0
591.65619,2.774,0
591.66036,2.219,0
591.66454,1.664,0
591.66871,1.664,0
591.67289,1.664,0
591.67706,1.664,0
591.68124,2.774,0
591.68541,2.774,0
591.68959,3.328,0
591.69376,2.219,0
591.69794,1.664,0
591.70211,0.555,0
591.70629,0.000,0
591.71046,-1.109,0
591.71463,-1.664,0
591.71881,-2.773,0
591.72298,-3.327,0
591.72716,-3.882,0
591.73133,-2.773,0
591.73551,-2.773,0
591.73968,-2.218,0
591.74386,-2.218,0
591.74803,-2.218,0
591.75221,-2.218,0
591.75638,-2.218,0
591.76056,-2.218,0
591.76473,-2.218,0
591.76890,-1.664,0
591.77308,-1.664,0
591.77725,-1.109,0
591.78143,-0.554,0
591.78560,-0.554,0
591.78978,0.555,0
591.79395,1.110,0
591.79813,1.664,0
591.80230,2.219,0
591.80648,2.774,0
591.81065,2.774,0
591.81483,2.219,0
591.81900,2.219,0
591.82317,1.110,0
591.82735,1.110,0
591.83152,0.000,0
591.83570,0.000,0
591.83987,1.110,0
591.84405,1.110,0
591.84822,2.219,0
591.85240,2.219,0
591.85657,2.774,0
591.86075,3.328,0
591.86492,3.328,0
591.86910,3.328,0
591.87327,3.328,0
591.87744,2.774,0
591.88162,2.219,0
591.88579,1.664,0
591.88997,1.664,0
591.89414,0.555,0
591.89832,0.555,0
591.90249,0.000,0
591.90667,0.555,0
591.91084,0.555,0
591.91502,1.110,0
591.91919,1.664,0
591.92337,1.664,0
591.92754,2.774,0
591.93171,2.774,0
591.93589,3.328,0
591.94006,3.328,0
591.94424,3.328,0
591.94841,2.774,0
591.95259,2.219,0
591.95676,2.219,0
591.96094,1.664,0
591.96511,1.664,0
591.96929,0.555,0
591.97346,0.555,0
591.97764,0.000,0
591.98181,0.000,0
591.98598,0.000,0
591.99016,1.110,0
591.99433,1.110,0
591.99851,1.110,0
592.00268,1.664,0
592.00686,1.664,0
592.01103,2.774,0
592.01521,2.774,0
592.01938,3.328,0
592.02356,3.328,0
592.02773,3.328,0
592.03191,2.774,0
592.03608,2.219,0
592.04025,1.110,0
592.04443,0.555,0
592.04860,0.000,0
592.05278,-1.109,0
592.05695,-1.664,0
592.06113,-2.773,0
592.06530,-3.327,0
592.06948,-4.437,0
592.07365,-4.437,0
592.07783,-3.327,0
592.08200,-3.327,0
592.08618,-2.218,0
592.09035,-1.664,0
592.09452,-1.664,0
592.09870,-1.664,0
592.10287,-2.218,0
592.10705,-2.218,0
592.11122,-2.773,0
592.11540,-3.327,0
592.11957,-3.327,0
592.12375,-3.327,0
592.12792,-2.218,0
592.13210,-2.218,0
592.13627,-1.664,0
592.14045,-1.109,0
592.14462,-0.554,0
592.14879,-0.554,0
592.15297,0.555,0
592.15714,1.110,0
592.16132,1.110,0
592.16549,0.555,0
592.16967,0.000,0
592.17384,-1.109,0
592.17802,-2.218,0
592.18219,-2.773,0
592.18637,-3.327,0
592.19054,-3.327,0
592.19472,-2.218,0
592.19889,-2.218,0
592.20306,-1.109,0
592.20724,-0.554,0
592.21141,-0.554,0
592.21559,-0.554,0
592.21976,-1.664,0
592.22394,-1.664,0
592.22811,-2.773,0
592.23229,-2.218,0
592.23646,-1.664,0
592.24064,-1.109,0
592.24481,-0.554,0
592.24899,0.000,0
592.25316,1.110,0
592.25733,1.110,0
592.26151,0.555,0
592.26568,0.000,0
592.26986,-0.554,0
592.27403,-1.109,0
592.27821,-1.664,0
592.28238,-1.664,0
592.28656,-1.109,0
592.29073,-1.109,0
592.29491,-0.554,0
592.29908,0.000,0
592.30326,0.000,0
592.30743,0.555,0
592.31160,1.110,0
592.31578,1.110,0
592.31995,1.110,0
592.32413,1.664,0
592.32830,1.664,0
592.33248,1.110,0
592.33665,0.555,0
592.34083,0.555,0
592.34500,0.000,0
592.34918,0.555,0
592.35335,0.555,0
592.35753,1.110,0
592.36170,1.664,0
592.36587,2.219,0
592.37005,2.774,0
592.37422,2.774,0
592.37840,2.774,0
592.38257,2.219,0
592.38675,1.664,0
592.39092,1.664,0
592.39510,2.219,0
592.39927,2.774,0
592.40345,3.883,0
592.40762,4.437,0
592.41180,4.992,0
592.41597,5.547,0
592.42014,6.101,0
592.42432,6.101,0
592.42849,6.101,0
592.43267,4.992,0
592.43684,4.992,0
592.44102,4.437,0
592.44519,4.437,0
592.44937,4.437,0
592.45354,4.437,0
592.45772,4.437,0
592.46189,4.437,0
592.46607,4.992,0
592.47024,4.437,0
592.47441,3.883,0
592.47859,3.883,0
592.48276,3.328,0
592.48694,2.774,0
592.49111,2.774,0
592.49529,3.328,0
592.49946,3.883,0
592.50364,3.883,0
592.50781,4.437,0
592.51199,4.437,0
592.51616,3.883,0
592.52034,3.883,0
592.52451,3.328,0
592.52868,2.774,0
592.53286,2.219,0
592.53703,2.219,0
592.54121,2.219,0
592.54538,2.219,0
592.54956,2.774,0
592.55373,3.328,0
592.55791,3.328,0
592.56208,3.328,0
592.56626,3.328,0
592.57043,3.328,0
592.57461,2.774,0
592.57878,2.774,0
592.58295,2.219,0
592.58713,1.110,0
592.59130,0.555,0
592.59548,0.000,0
592.59965,-0.554,0
592.60383,-1.109,0
592.60800,-1.664,0
592.61218,-1.664,0
592.61635,-1.109,0
592.62053,-0.554,0
592.62470,0.000,0
592.62888,0.555,0
592.63305,0.555,0
592.63722,0.000,0
592.64140,0.000,0
592.64557,0.000,0
592.64975,-0.554,0
592.65392,-0.554,0
592.65810,0.555,0
592.66227,0.555,0
592.66645,1.110,0
592.67062,1.664,0
592.67480,2.219,0
592.67897,2.774,0
592.68315,3.328,0
592.68732,3.328,0
592.69149,3.328,0
592.69567,3.328,0
592.69984,3.328,0
592.70402,2.774,0
592.70819,2.774,0
592.71237,1.664,0
592.71654,1.664,0
592.72072,1.664,0
592.72489,1.664,0
592.72907,2.219,0
592.73324,3.328,0
592.73742,3.328,0
592.74159,4.437,0
592.74576,4.992,0
592.74994,4.992,0
592.75411,4.992,0
592.75829,3.883,0
592.76246,3.328,0
592.76664,2.219,0
592.77081,1.664,0
592.77499,1.110,0
592.77916,0.000,0
592.78334,-1.109,0
592.78751,-1.664,0
592.79169,-2.218,0
592.79586,-1.664,0
592.80003,-1.109,0
592.80421,-0.554,0
592.80838,0.555,0
592.81256,1.110,0
592.81673,1.110,0
592.82091,1.110,0
592.82508,0.555,0
592.82926,0.000,0
592.83343,0.000,0
592.83761,-1.109,0
592.84178,-1.109,0
592.84596,0.000,0
592.85013,0.000,0
592.85430,1.110,0
592.85848,1.110,0
592.86265,1.664,0
592.86683,1.664,0
592.87100,1.664,0
592.87518,1.110,0
592.87935,0.555,0
592.88353,0.555,0
592.88770,0.000,0
592.89188,0.000,0
592.89605,0.000,0
592.90023,0.555,0
592.90440,1.110,0
592.90857,1.110,0
592.91275,1.110,0
592.91692,0.555,0
592.92110,0.000,0
